{
  "lr": 1.6128096061870933e-05,
  "warmup_fraction": 0.08,
  "hidden_dim": 0,
  "weight_decay": 0.0002547508587510062,
  "head_lr_multiplier": 7,
  "label_smoothing": 0.2,
  "batch_size": 48,
  "num_epochs": 20,
  "patience": 6,
  "best_threshold": 0.4500000000000002,
  "n_extra_features": 27
}